feature,score
Co-Surfactant (Ratio),0.7004172056301915
Surfactant Amount (g),0.5022884850759327
Surfactant (HLB),0.3248768605390046
Oil (mPa.s),0.3004858712146915
Water-phase potential (V),0.2336329921554425
Water Phase Amount (g),0.04937599509366431
Oil Amount (g),0.01935165104688452
