feature,score
Surfactant (HLB),0.21620944091855449
Co-Surfactant (Ratio),0.13742172158852584
Water Phase Amount (g),0.06178419030502928
Oil (mPa.s),0.058923063839744674
Water-phase potential (V),0.05393502247299302
Surfactant Amount (g),0.032893009480200845
Oil Amount (g),0.0035683958725392637
