feature,score
Co-Surfactant (Ratio),0.6836803763712128
Surfactant Amount (g),0.4832141936734535
Surfactant (HLB),0.31882080122267215
Oil (mPa.s),0.28755589819125044
Water-phase potential (V),0.22755636482956362
Water Phase Amount (g),0.04261287123795172
Oil Amount (g),0.01569211568911871
