feature,score
Surfactant (HLB),0.14415619858063075
Water Phase (V),0.08282638064424182
Water Phase Amount (g),0.07491167286198983
Oil Amount (g),0.049906832189662666
Surfactant Amount (g),0.04488778605926382
Oil (mPa.s),0.043956966091547825
Co-Surfactant (Ratio),0.03893280587030698
