model,accuracy_mean,accuracy_std,accuracy_min,accuracy_max,precision_macro_mean,precision_macro_std,precision_macro_min,precision_macro_max,recall_macro_mean,recall_macro_std,recall_macro_min,recall_macro_max,f1_macro_mean,f1_macro_std,f1_macro_min,f1_macro_max,phase1_recall_mean,phase1_recall_std,phase1_recall_min,phase1_recall_max,phase2_recall_mean,phase2_recall_std,phase2_recall_min,phase2_recall_max,phase3_recall_mean,phase3_recall_std,phase3_recall_min,phase3_recall_max
DecisionTree-pruned + scaling + SMOTE,0.8876190476190476,0.04714045207910316,0.7857142857142857,0.9523809523809523,0.8891907918484219,0.057896682188084095,0.7127872127872128,0.9722222222222222,0.8451948051948053,0.06776953754194359,0.6911976911976913,0.961038961038961,0.856674096407006,0.06185237332887446,0.7133298799965466,0.961038961038961,0.9527272727272728,0.04400279050934395,0.8636363636363636,1.0,0.8528571428571429,0.10741946800955228,0.5714285714285714,1.0,0.73,0.1746067820695153,0.3333333333333333,1.0
KNN + scaling + SMOTE,0.7742857142857144,0.06070070733661012,0.6190476190476191,0.8809523809523809,0.7940460839894299,0.06569871440442422,0.6428571428571428,0.9040247678018575,0.748080808080808,0.07207764424264164,0.5591630591630591,0.9155844155844156,0.7578936096555466,0.06573127918482381,0.5932539682539683,0.90558615263572,0.8109090909090909,0.0807704509374868,0.6818181818181818,0.9545454545454546,0.76,0.1161294427792391,0.5,1.0,0.6733333333333333,0.17483390238748395,0.16666666666666666,1.0
SVM-rbf + scaling + SMOTE,0.769047619047619,0.06220864339514245,0.6190476190476191,0.8809523809523809,0.7874796592442687,0.0705360343759435,0.6031746031746031,0.9285714285714285,0.7366089466089466,0.0749600651736948,0.6132756132756133,0.9155844155844156,0.747859705112655,0.06876991608563955,0.6126586591702871,0.8892641234104648,0.8236363636363636,0.08246497592928594,0.5909090909090909,1.0,0.7328571428571429,0.11617426482837391,0.5,0.9285714285714286,0.6533333333333333,0.18082702424807168,0.3333333333333333,1.0
